{
    "name": "no_dropout",
    "best_hyperparameters": {
        "learning_rate": 0.00544853401907757
    },
    "val_metrics": {
        "loss": 0.0324966125190258,
        "accuracy": 1.0,
        "precision": 1.0,
        "recall": 1.0,
        "f1_score": 0.999999995
    },
    "f1_score": -1.0
}