{
    "name": "baseline",
    "best_hyperparameters": {
        "learning_rate": 0.00544853401907757
    },
    "val_metrics": {
        "loss": 0.4580704867839813,
        "accuracy": 0.8947368264198303,
        "precision": 1.0,
        "recall": 0.7142857313156128,
        "f1_score": 0.8333333400620142
    },
    "f1_score": 0.8333333400620142
}