{
    "name": "no_dropout",
    "best_hyperparameters": {
        "learning_rate": 0.00544853401907757
    },
    "val_metrics": {
        "loss": 0.05495071783661842,
        "accuracy": 0.9824561476707458,
        "precision": 0.9545454382896423,
        "recall": 1.0,
        "f1_score": 0.9767441725388717
    },
    "f1_score": 0.9767441725388717,
    "recall": 1.0
}