{
    "experiment": "experiment_dropout_standardize_20250828_164913",
    "timestamp": "20250828_164935",
    "evaluation_results": [
        0.057057496160268784,
        0.9912280440330505,
        1.0,
        0.976190447807312
    ],
    "confusion_matrix": [
        [
            72,
            0
        ],
        [
            1,
            41
        ]
    ],
    "fpr": [
        0.0,
        0.0,
        0.0,
        0.05555555555555555,
        0.05555555555555555,
        1.0
    ],
    "tpr": [
        0.0,
        0.07142857142857142,
        0.9761904761904762,
        0.9761904761904762,
        1.0,
        1.0
    ],
    "thresholds": [
        Infinity,
        1.0,
        0.6280640363693237,
        0.30868101119995117,
        0.19012998044490814,
        2.5186267521348782e-05
    ],
    "roc_auc": 0.9986772486772486
}