{
    "experiment": "experiment_baseline_standardize_20250905_192125",
    "timestamp": "20250905_200629",
    "evaluation_results": [
        0.04425845295190811,
        0.9912280440330505,
        1.0,
        0.976190447807312
    ],
    "confusion_matrix": [
        [
            72,
            0
        ],
        [
            1,
            41
        ]
    ],
    "fpr": [
        0.0,
        0.0,
        0.0,
        0.05555555555555555,
        0.05555555555555555,
        1.0
    ],
    "tpr": [
        0.0,
        0.16666666666666666,
        0.9761904761904762,
        0.9761904761904762,
        1.0,
        1.0
    ],
    "thresholds": [
        Infinity,
        1.0,
        0.7317884564399719,
        0.18970541656017303,
        0.18262970447540283,
        4.38281313108746e-06
    ],
    "roc_auc": 0.9986772486772486
}