{
    "experiment": "experiment_baseline_standardize_20250829_201849",
    "timestamp": "20250829_201921",
    "evaluation_results": [
        0.051419127732515335,
        0.9912280440330505,
        1.0,
        0.976190447807312
    ],
    "confusion_matrix": [
        [
            72,
            0
        ],
        [
            1,
            41
        ]
    ],
    "fpr": [
        0.0,
        0.0,
        0.0,
        0.05555555555555555,
        0.05555555555555555,
        1.0
    ],
    "tpr": [
        0.0,
        0.11904761904761904,
        0.9761904761904762,
        0.9761904761904762,
        1.0,
        1.0
    ],
    "thresholds": [
        Infinity,
        1.0,
        0.6761842370033264,
        0.24425558745861053,
        0.20375147461891174,
        1.0968496098939795e-05
    ],
    "roc_auc": 0.9986772486772486
}