{
    "experiment": "experiment_dropout_20250826_160816",
    "timestamp": "20250826_160816",
    "evaluation_results": [
        0.03962681442499161,
        0.9912280440330505,
        1.0,
        0.976190447807312
    ],
    "confusion_matrix": [
        [
            72,
            0
        ],
        [
            1,
            41
        ]
    ],
    "fpr": [
        0.0,
        0.0,
        0.0,
        0.05555555555555555,
        0.05555555555555555,
        1.0
    ],
    "tpr": [
        0.0,
        0.30952380952380953,
        0.9761904761904762,
        0.9761904761904762,
        1.0,
        1.0
    ],
    "thresholds": [
        Infinity,
        1.0,
        0.798367440700531,
        0.10790874809026718,
        0.10628660023212433,
        3.6746476439475373e-07
    ],
    "roc_auc": 0.9986772486772486
}