{
    "name": "dropout",
    "best_hyperparameters": {
        "dropout_rate": 0.4,
        "learning_rate": 0.0033276572881909957
    },
    "val_metrics": {
        "loss": 0.01743386499583721,
        "accuracy": 1.0,
        "precision": 1.0,
        "recall": 1.0,
        "f1_score": 0.999999995
    },
    "f1_score": 0.999999995,
    "recall": 1.0
}