{
    "baseline_simple": {
        "best_hyperparameters": {
            "learning_rate": 0.00544853401907757
        },
        "val_metrics": {
            "loss": 0.3743204176425934,
            "accuracy": 0.8771929740905762,
            "precision": 0.9375,
            "recall": 0.7142857313156128,
            "f1_score": 0.8108108168739009
        },
        "data_variant": "simple",
        "model_name": "baseline"
    },
    "no_dropout_simple": {
        "best_hyperparameters": {
            "dropout_rate": 0.4,
            "learning_rate": 0.0033276572881909957
        },
        "val_metrics": {
            "loss": 0.36262816190719604,
            "accuracy": 0.8421052694320679,
            "precision": 0.9285714030265808,
            "recall": 0.6190476417541504,
            "f1_score": 0.7428571462314935
        },
        "data_variant": "simple",
        "model_name": "no_dropout"
    },
    "dropout_simple": {
        "best_hyperparameters": {
            "learning_rate": 0.00544853401907757
        },
        "val_metrics": {
            "loss": 0.21404622495174408,
            "accuracy": 0.9122806787490845,
            "precision": 0.9444444179534912,
            "recall": 0.8095238208770752,
            "f1_score": 0.8717948621219211
        },
        "data_variant": "simple",
        "model_name": "dropout"
    },
    "baseline_standardize": {
        "best_hyperparameters": {
            "learning_rate": 0.00544853401907757
        },
        "val_metrics": {
            "loss": 0.037699028849601746,
            "accuracy": 1.0,
            "precision": 1.0,
            "recall": 1.0,
            "f1_score": 0.999999995
        },
        "data_variant": "standardize",
        "model_name": "baseline"
    },
    "no_dropout_standardize": {
        "best_hyperparameters": {
            "dropout_rate": 0.4,
            "learning_rate": 0.0033276572881909957
        },
        "val_metrics": {
            "loss": 0.010451572015881538,
            "accuracy": 1.0,
            "precision": 1.0,
            "recall": 1.0,
            "f1_score": 0.999999995
        },
        "data_variant": "standardize",
        "model_name": "no_dropout"
    },
    "dropout_standardize": {
        "best_hyperparameters": {
            "learning_rate": 0.00544853401907757
        },
        "val_metrics": {
            "loss": 0.022183755412697792,
            "accuracy": 1.0,
            "precision": 1.0,
            "recall": 1.0,
            "f1_score": 0.999999995
        },
        "data_variant": "standardize",
        "model_name": "dropout"
    }
}