{
    "baseline": {
        "best_hyperparameters": {
            "learning_rate": 0.00544853401907757
        },
        "val_metrics": [
            0.4689657986164093,
            0.8947368264198303,
            0.8947368264198303,
            0.8095238208770752
        ],
        "test_metrics": [
            0.4901580810546875,
            0.859649121761322,
            0.824999988079071,
            0.7857142686843872
        ]
    },
    "no_dropout": {
        "best_hyperparameters": {
            "learning_rate": 0.0033276572881909957
        },
        "val_metrics": [
            0.30323898792266846,
            0.8947368264198303,
            0.9411764740943909,
            0.761904776096344
        ],
        "test_metrics": [
            0.39869973063468933,
            0.8684210777282715,
            1.0,
            0.6428571343421936
        ]
    },
    "dropout": {
        "best_hyperparameters": {
            "dropout_rate": 0.1,
            "learning_rate": 0.002051386718289359
        },
        "val_metrics": [
            0.2498631328344345,
            0.9122806787490845,
            0.8999999761581421,
            0.8571428656578064
        ],
        "test_metrics": [
            0.3020385503768921,
            0.8947368264198303,
            0.96875,
            0.738095223903656
        ]
    }
}