{
    "baseline": {
        "best_hyperparameters": {
            "learning_rate": 0.00544853401907757
        },
        "val_metrics": [
            0.4234253764152527,
            0.9122806787490845,
            0.8999999761581421,
            0.8571428656578064
        ],
        "test_metrics": [
            0.4517518877983093,
            0.859649121761322,
            0.824999988079071,
            0.7857142686843872
        ]
    },
    "no_dropout": {
        "best_hyperparameters": {
            "learning_rate": 0.0033276572881909957
        },
        "val_metrics": [
            0.3222814202308655,
            0.8947368264198303,
            0.8947368264198303,
            0.8095238208770752
        ],
        "test_metrics": [
            0.37402230501174927,
            0.8684210777282715,
            0.9655172228813171,
            0.6666666865348816
        ]
    },
    "dropout": {
        "best_hyperparameters": {
            "dropout_rate": 0.1,
            "learning_rate": 0.002051386718289359
        },
        "val_metrics": [
            0.2619878649711609,
            0.9298245906829834,
            0.9047619104385376,
            0.9047619104385376
        ],
        "test_metrics": [
            0.25360405445098877,
            0.8947368264198303,
            0.9166666865348816,
            0.7857142686843872
        ]
    }
}