{
    "baseline": {
        "best_hyperparameters": {
            "learning_rate": 0.00544853401907757
        },
        "val_metrics": [
            0.4288329780101776,
            0.8947368264198303,
            1.0,
            0.7142857313156128
        ],
        "test_metrics": [
            0.43212389945983887,
            0.8859649300575256,
            0.9677419066429138,
            0.7142857313156128
        ]
    },
    "no_dropout": {
        "best_hyperparameters": {
            "learning_rate": 0.00544853401907757
        },
        "val_metrics": [
            0.37414267659187317,
            0.9122806787490845,
            0.9444444179534912,
            0.8095238208770752
        ],
        "test_metrics": [
            0.3907662630081177,
            0.8684210777282715,
            0.9655172228813171,
            0.6666666865348816
        ]
    },
    "dropout": {
        "best_hyperparameters": {
            "dropout_rate": 0.1,
            "learning_rate": 0.002051386718289359
        },
        "val_metrics": [
            0.2673482596874237,
            0.9122806787490845,
            0.8999999761581421,
            0.8571428656578064
        ],
        "test_metrics": [
            0.31389203667640686,
            0.8947368264198303,
            0.96875,
            0.738095223903656
        ]
    }
}