{
    "baseline": {
        "best_hyperparameters": {
            "learning_rate": 0.0033276572881909957
        },
        "val_metrics": {
            "loss": 0.13090407848358154,
            "accuracy": 0.9122806787490845,
            "precision": 0.8999999761581421,
            "recall": 0.8571428656578064,
            "f1_score": 0.8780487686119562
        }
    },
    "no_dropout": {
        "best_hyperparameters": {
            "learning_rate": 0.00544853401907757
        },
        "val_metrics": {
            "loss": 0.16786983609199524,
            "accuracy": 0.9473684430122375,
            "precision": 0.949999988079071,
            "recall": 0.9047619104385376,
            "f1_score": 0.9268292606008608
        }
    },
    "dropout": {
        "best_hyperparameters": {
            "dropout_rate": 0.1,
            "learning_rate": 0.002051386718289359
        },
        "val_metrics": {
            "loss": 0.20652836561203003,
            "accuracy": 0.9473684430122375,
            "precision": 0.9090909361839294,
            "recall": 0.9523809552192688,
            "f1_score": 0.9302325686800641
        }
    }
}