{
    "baseline_simple": {
        "best_hyperparameters": {
            "learning_rate": 0.00544853401907757
        },
        "val_metrics": {
            "loss": 0.37358856201171875,
            "accuracy": 0.859649121761322,
            "precision": 0.9333333373069763,
            "recall": 0.6666666865348816,
            "f1_score": 0.7777777878178278
        },
        "data_variant": "simple",
        "model_name": "baseline"
    },
    "no_dropout_simple": {
        "best_hyperparameters": {
            "dropout_rate": 0.4,
            "learning_rate": 0.0033276572881909957
        },
        "val_metrics": {
            "loss": 0.2483191341161728,
            "accuracy": 0.8947368264198303,
            "precision": 1.0,
            "recall": 0.7142857313156128,
            "f1_score": 0.8333333400620142
        },
        "data_variant": "simple",
        "model_name": "no_dropout"
    },
    "dropout_simple": {
        "best_hyperparameters": {
            "learning_rate": 0.00544853401907757
        },
        "val_metrics": {
            "loss": 0.6046518683433533,
            "accuracy": 0.8070175647735596,
            "precision": 0.7083333134651184,
            "recall": 0.8095238208770752,
            "f1_score": 0.7555555442199487
        },
        "data_variant": "simple",
        "model_name": "dropout"
    },
    "baseline_standardize": {
        "best_hyperparameters": {
            "learning_rate": 0.00544853401907757
        },
        "val_metrics": {
            "loss": 0.037699028849601746,
            "accuracy": 1.0,
            "precision": 1.0,
            "recall": 1.0,
            "f1_score": 0.999999995
        },
        "data_variant": "standardize",
        "model_name": "baseline"
    },
    "no_dropout_standardize": {
        "best_hyperparameters": {
            "dropout_rate": 0.4,
            "learning_rate": 0.0033276572881909957
        },
        "val_metrics": {
            "loss": 0.010451572015881538,
            "accuracy": 1.0,
            "precision": 1.0,
            "recall": 1.0,
            "f1_score": 0.999999995
        },
        "data_variant": "standardize",
        "model_name": "no_dropout"
    },
    "dropout_standardize": {
        "best_hyperparameters": {
            "learning_rate": 0.00544853401907757
        },
        "val_metrics": {
            "loss": 0.022183755412697792,
            "accuracy": 1.0,
            "precision": 1.0,
            "recall": 1.0,
            "f1_score": 0.999999995
        },
        "data_variant": "standardize",
        "model_name": "dropout"
    }
}