{
    "baseline": {
        "best_hyperparameters": {
            "learning_rate": 0.00544853401907757
        },
        "val_metrics": {
            "loss": 0.032855842262506485,
            "accuracy": 1.0,
            "precision": 1.0,
            "recall": 1.0,
            "f1_score": 0.999999995
        }
    },
    "no_dropout": {
        "best_hyperparameters": {
            "learning_rate": 0.00544853401907757
        },
        "val_metrics": {
            "loss": 0.031057512387633324,
            "accuracy": 1.0,
            "precision": 1.0,
            "recall": 1.0,
            "f1_score": 0.999999995
        }
    },
    "dropout": {
        "best_hyperparameters": {
            "dropout_rate": 0.4,
            "learning_rate": 0.0033276572881909957
        },
        "val_metrics": {
            "loss": 0.017772190272808075,
            "accuracy": 1.0,
            "precision": 1.0,
            "recall": 1.0,
            "f1_score": 0.999999995
        }
    }
}