{
    "baseline_simple": {
        "best_hyperparameters": {
            "learning_rate": 0.00544853401907757
        },
        "val_metrics": {
            "loss": 0.5693478584289551,
            "accuracy": 0.8771929740905762,
            "precision": 0.8500000238418579,
            "recall": 0.8095238208770752,
            "f1_score": 0.8292683049893318
        },
        "data_variant": "simple",
        "model_name": "baseline"
    },
    "no_dropout_simple": {
        "best_hyperparameters": {
            "dropout_rate": 0.4,
            "learning_rate": 0.0033276572881909957
        },
        "val_metrics": {
            "loss": 0.8226030468940735,
            "accuracy": 0.7719298005104065,
            "precision": 0.75,
            "recall": 0.5714285969734192,
            "f1_score": 0.6486486601976299
        },
        "data_variant": "simple",
        "model_name": "no_dropout"
    },
    "dropout_simple": {
        "best_hyperparameters": {
            "learning_rate": 0.00544853401907757
        },
        "val_metrics": {
            "loss": 1.9085112810134888,
            "accuracy": 0.7894737124443054,
            "precision": 0.7142857313156128,
            "recall": 0.7142857313156128,
            "f1_score": 0.7142857263156128
        },
        "data_variant": "simple",
        "model_name": "dropout"
    },
    "baseline_standardize": {
        "best_hyperparameters": {
            "learning_rate": 0.00544853401907757
        },
        "val_metrics": {
            "loss": 0.08926113694906235,
            "accuracy": 0.9649122953414917,
            "precision": 0.9523809552192688,
            "recall": 0.9523809552192688,
            "f1_score": 0.9523809502192688
        },
        "data_variant": "standardize",
        "model_name": "baseline"
    },
    "no_dropout_standardize": {
        "best_hyperparameters": {
            "dropout_rate": 0.4,
            "learning_rate": 0.0033276572881909957
        },
        "val_metrics": {
            "loss": 0.0962146446108818,
            "accuracy": 0.9824561476707458,
            "precision": 1.0,
            "recall": 0.9523809552192688,
            "f1_score": 0.9756097525897651
        },
        "data_variant": "standardize",
        "model_name": "no_dropout"
    },
    "dropout_standardize": {
        "best_hyperparameters": {
            "learning_rate": 0.00544853401907757
        },
        "val_metrics": {
            "loss": 0.0338062085211277,
            "accuracy": 1.0,
            "precision": 1.0,
            "recall": 1.0,
            "f1_score": 0.999999995
        },
        "data_variant": "standardize",
        "model_name": "dropout"
    }
}