{
    "baseline": {
        "best_hyperparameters": {
            "learning_rate": 0.00544853401907757
        },
        "val_metrics": {
            "loss": 0.05622166767716408,
            "accuracy": 0.9824561476707458,
            "precision": 1.0,
            "recall": 0.9523809552192688,
            "f1_score": 0.9756097525897651
        }
    },
    "no_dropout": {
        "best_hyperparameters": {
            "learning_rate": 0.00544853401907757
        },
        "val_metrics": {
            "loss": 0.02168406918644905,
            "accuracy": 1.0,
            "precision": 1.0,
            "recall": 1.0,
            "f1_score": 0.999999995
        }
    },
    "dropout": {
        "best_hyperparameters": {
            "dropout_rate": 0.4,
            "learning_rate": 0.0033276572881909957
        },
        "val_metrics": {
            "loss": 0.0591672919690609,
            "accuracy": 0.9649122953414917,
            "precision": 0.9523809552192688,
            "recall": 0.9523809552192688,
            "f1_score": 0.9523809502192688
        }
    }
}