{
    "baseline": {
        "best_hyperparameters": {
            "learning_rate": 0.00544853401907757
        },
        "val_metrics": [
            0.4186808168888092,
            0.8947368264198303,
            1.0,
            0.7142857313156128
        ],
        "test_metrics": [
            0.4265892207622528,
            0.8859649300575256,
            0.9677419066429138,
            0.7142857313156128
        ]
    },
    "no_dropout": {
        "best_hyperparameters": {
            "learning_rate": 0.00544853401907757
        },
        "val_metrics": [
            0.34506773948669434,
            0.9122806787490845,
            0.8999999761581421,
            0.8571428656578064
        ],
        "test_metrics": [
            0.2964794635772705,
            0.9122806787490845,
            0.970588207244873,
            0.7857142686843872
        ]
    },
    "dropout": {
        "best_hyperparameters": {
            "dropout_rate": 0.4,
            "learning_rate": 0.0033276572881909957
        },
        "val_metrics": [
            0.5194922089576721,
            0.8245614171028137,
            1.0,
            0.523809552192688
        ],
        "test_metrics": [
            0.58802729845047,
            0.8157894611358643,
            1.0,
            0.5
        ]
    }
}