{
    "baseline": {
        "best_hyperparameters": {
            "learning_rate": 0.00544853401907757
        },
        "val_metrics": [
            0.4148689806461334,
            0.8947368264198303,
            0.9411764740943909,
            0.761904776096344
        ],
        "test_metrics": [
            0.42572176456451416,
            0.8859649300575256,
            0.939393937587738,
            0.738095223903656
        ]
    },
    "no_dropout": {
        "best_hyperparameters": {
            "learning_rate": 0.00544853401907757
        },
        "val_metrics": [
            0.3746962547302246,
            0.9122806787490845,
            0.8999999761581421,
            0.8571428656578064
        ],
        "test_metrics": [
            0.32323095202445984,
            0.9122806787490845,
            0.970588207244873,
            0.7857142686843872
        ]
    },
    "dropout": {
        "best_hyperparameters": {
            "dropout_rate": 0.1,
            "learning_rate": 0.002051386718289359
        },
        "val_metrics": [
            0.2768722474575043,
            0.9122806787490845,
            0.8999999761581421,
            0.8571428656578064
        ],
        "test_metrics": [
            0.2789793908596039,
            0.8859649300575256,
            0.9677419066429138,
            0.7142857313156128
        ]
    }
}