{
    "baseline": {
        "best_hyperparameters": {
            "learning_rate": 0.0003635889277344135
        },
        "val_metrics": [
            0.23110011219978333,
            0.9122806787490845,
            0.9444444179534912,
            0.8095238208770752
        ],
        "test_metrics": [
            0.2485978603363037,
            0.8859649300575256,
            1.0,
            0.6904761791229248
        ]
    },
    "no_dropout": {
        "best_hyperparameters": {
            "learning_rate": 0.00544853401907757
        },
        "val_metrics": [
            0.24669018387794495,
            0.9298245906829834,
            0.9047619104385376,
            0.9047619104385376
        ],
        "test_metrics": [
            0.23693914711475372,
            0.9210526347160339,
            0.9714285731315613,
            0.8095238208770752
        ]
    },
    "dropout": {
        "best_hyperparameters": {
            "dropout_rate": 0.1,
            "learning_rate": 0.002051386718289359
        },
        "val_metrics": [
            0.1674034148454666,
            0.9122806787490845,
            0.8999999761581421,
            0.8571428656578064
        ],
        "test_metrics": [
            0.20211516320705414,
            0.9210526347160339,
            0.9714285731315613,
            0.8095238208770752
        ]
    }
}