{
    "baseline": {
        "best_hyperparameters": {
            "learning_rate": 0.00544853401907757
        },
        "val_metrics": {
            "loss": 0.09947415441274643,
            "accuracy": 0.9649122953414917,
            "precision": 0.9523809552192688,
            "recall": 0.9523809552192688,
            "f1_score": 0.9523809502192688
        }
    },
    "no_dropout": {
        "best_hyperparameters": {
            "learning_rate": 0.00544853401907757
        },
        "val_metrics": {
            "loss": 0.05495071783661842,
            "accuracy": 0.9824561476707458,
            "precision": 0.9545454382896423,
            "recall": 1.0,
            "f1_score": 0.9767441725388717
        }
    },
    "dropout": {
        "best_hyperparameters": {
            "dropout_rate": 0.4,
            "learning_rate": 0.0033276572881909957
        },
        "val_metrics": {
            "loss": 0.10724051296710968,
            "accuracy": 0.9824561476707458,
            "precision": 1.0,
            "recall": 0.9523809552192688,
            "f1_score": 0.9756097525897651
        }
    }
}